James;Butt;jbutt@gmail.com;504-845-1427
Josephine;Darakjy;josephine_darakjy@darakjy.org;810-374-9840
Art;Venere;art@venere.org;856-264-4130
Lenna;Paprocki;lpaprocki@hotmail.com;907-921-2010
Donette;Foller;donette.foller@cox.net;513-549-4561
Simona;Morasca;simona@morasca.com;419-800-6759
Mitsue;Tollner;mitsue_tollner@yahoo.com;773-924-8565
Leota;Dilliard;leota@hotmail.com;408-813-1105
Sage;Wieser;sage_wieser@cox.net;605-794-4895
Kris;Marrier;kris@gmail.com;410-804-4694
Minna;Amigon;minna_amigon@yahoo.com;215-422-8694
Abel;Maclead;amaclead@gmail.com;631-677-3675
Kiley;Caldarera;kiley.caldarera@aol.com;310-254-3084
Graciela;Ruta;gruta@cox.net;440-579-7763
Cammy;Albares;calbares@gmail.com;956-841-7216
Mattie;Poquette;mattie@aol.com;602-953-6360
Meaghan;Garufi;meaghan@hotmail.com;931-235-7959
Gladys;Rim;gladys.rim@rim.org;414-377-2880
Yuki;Whobrey;yuki_whobrey@aol.com;313-341-4470
Fletcher;Flosi;fletcher.flosi@yahoo.com;815-426-5657
Bette;Nicka;bette_nicka@cox.net;610-492-4643
Veronika;Inouye;vinouye@aol.com;408-813-4592
Willard;Kolmetz;willard@hotmail.com;972-896-4882
Maryann;Royster;mroyster@royster.com;518-448-8982
Alisha;Slusarski;alisha@slusarski.com;732-635-3453
Allene;Iturbide;allene_iturbide@cox.net;715-530-9863
Chanel;Caudy;chanel.caudy@caudy.org;913-899-1103
Ezekiel;Chui;ezekiel@chui.com;410-235-8738
Willow;Kusko;wkusko@yahoo.com;212-934-5167
Bernardo;Figeroa;bfigeroa@aol.com;936-597-3614
Ammie;Corrio;ammie@corrio.com;614-648-3265
Francine;Vocelka;francine_vocelka@vocelka.com;505-335-5293
Ernie;Stenseth;ernie_stenseth@aol.com;201-387-9093
Albina;Glick;albina@glick.com;732-782-6701
Alishia;Sergi;asergi@gmail.com;212-753-2740
Solange;Shinko;solange@shinko.com;504-265-8174
Jose;Stockham;jose@yahoo.com;212-569-4233
Rozella;Ostrosky;rozella.ostrosky@ostrosky.com;805-609-1531
Valentine;Gillian;valentine_gillian@gmail.com;210-300-6244
Kati;Rulapaugh;kati.rulapaugh@hotmail.com;785-219-7724
Youlanda;Schemmer;youlanda@aol.com;541-993-2611
Dyan;Oldroyd;doldroyd@aol.com;913-645-8918
Roxane;Campain;roxane@hotmail.com;907-335-6568
Lavera;Perin;lperin@perin.org;305-995-2078
Erick;Ferencz;erick.ferencz@aol.com;907-227-6777
Fatima;Saylors;fsaylors@saylors.org;952-479-2375
Jina;Briddick;jina_briddick@briddick.com;617-997-5771
Kanisha;Waycott;kanisha_waycott@yahoo.com;323-315-7314
Emerson;Bowley;emerson.bowley@bowley.org;608-658-7940
Blair;Malet;bmalet@yahoo.com;215-794-4519
